Timestamp,Vibration_X,Vibration_Y,Vibration_Z,LM35_Temp_C,DHT_Temp_C,DHT_Humidity,RPM
2025-04-25 10:00:00,0.12496714153011232,-0.07073822452468359,9.78798710873172,31.655672215233327,30.664964345005124,45.28530649860976,1441
2025-04-25 10:00:02,0.11861735698828815,-0.06090583359529869,9.778492673658254,31.389762856734293,30.771096265856897,45.48409233026643,1462
2025-04-25 10:00:04,0.12647688538100693,-0.09398567573819142,9.761192607398403,31.336360223315538,30.641516015800008,44.83434580840834,1471
2025-04-25 10:00:06,0.13523029856408025,-0.0743703076330943,9.747061264445888,31.49932510851781,30.738407694072194,44.69388163274613,1517
2025-04-25 10:00:08,0.11765846625276663,-0.08650642569121827,9.773964466272272,31.465963075495015,30.421277066609242,44.4574247367211,1491
2025-04-25 10:00:10,0.11765863043050818,-0.08487125383764696,9.767869707708435,31.409354390134546,30.842658741474587,44.58729473501052,1453
2025-04-25 10:00:12,0.1357921281550739,-0.0859239392423887,9.777903864400555,31.63927748949134,30.800241095072444,46.474547212654365,1489
2025-04-25 10:00:14,0.12767434729152907,-0.08863990769679816,9.77270343603364,31.691061041714104,30.636582273786363,45.62233979036839,1449
2025-04-25 10:00:16,0.11530525614065047,-0.07951478372055173,9.780991054306387,31.51768137725837,30.93184913368648,44.32446281689599,1501
2025-04-25 10:00:18,0.12542560043585965,-0.08830950116411038,9.749295295768789,31.795506016211053,30.98751402752531,44.33877102162821,1470
2025-04-25 10:00:20,0.11536582307187537,-0.07729543174220162,9.786347881312686,31.271662177173297,30.478488027126208,45.240933030859246,1478
2025-04-25 10:00:22,0.11534270246429743,-0.08050238109449137,9.763951992093848,31.461268108144058,30.647455044286758,45.27363239868898,1506
2025-04-25 10:00:24,0.12241962271566034,-0.0823894804686641,9.801505217452505,31.356635535879438,30.64617153004254,45.274441917658685,1454
2025-04-25 10:00:26,0.10086719755342202,-0.08907563662041598,9.746216243638209,31.12669267658539,30.61201937977823,44.872522103223154,1452
2025-04-25 10:00:28,0.10275082167486967,-0.08576771330568334,9.794719276063304,31.48346386283146,30.96589496838635,44.93727286999855,1468
2025-04-25 10:00:30,0.11437712470759027,-0.07244608774174244,9.763958215669252,31.475650498323343,30.76123477224544,45.16393976207968,1500
2025-04-25 10:00:32,0.10987168879665576,-0.0749908281237562,9.746971639927711,31.802689948648425,30.74709703173788,45.042946503146666,1449
2025-04-25 10:00:34,0.12314247332595274,-0.08977555244798552,9.750322283318914,31.626162336910955,30.39922752711865,43.89034981362623,1423
2025-04-25 10:00:36,0.11091975924478789,-0.07900667694570775,9.753593053836113,31.295162635134158,30.927083606041847,44.8851001847124,1470
2025-04-25 10:00:38,0.10587696298664707,-0.0724861287662821,9.768483318928038,31.870818513266837,30.552148321029307,44.574296782869844,1491
2025-04-25 10:00:40,0.13465648768921554,-0.09669405281121372,9.77045670976071,31.74420673910507,30.811986526053268,45.08760570945426,1504
2025-04-25 10:00:42,0.11774223699513464,-0.07456639807620065,9.748525999921227,31.616419540693723,30.85547538759164,46.49262950130171,1470
2025-04-25 10:00:44,0.12067528204687923,-0.08662623758945846,9.75951290815478,31.454703180230034,31.072131719167732,45.18374083273715,1471
2025-04-25 10:00:46,0.10575251813786543,-0.0742940133140684,9.802845407172237,31.308112152655305,30.538235920176177,44.8432351569138,1503
2025-04-25 10:00:48,0.11455617275474816,-0.08763259156542517,9.794550863402014,31.425558644785788,30.196097568835835,45.46090075098863,1442
2025-04-25 10:00:50,0.12110922589709866,-0.09804882100664519,9.76872647339348,31.717749723940837,30.83676990895074,45.241343943604605,1472
2025-04-25 10:00:52,0.10849006422577696,-0.09627542437883163,9.760760069563364,31.87691726118692,31.160102236302173,45.21004724522592,1483
2025-04-25 10:00:54,0.12375698018345671,-0.07951915053338618,9.762400626534365,31.808648705654438,31.047789270587888,45.303425296607834,1488
2025-04-25 10:00:56,0.11399361310081195,-0.07740277498278518,9.772270359454609,31.402230115642745,30.841931883054926,46.02827178241477,1469
2025-04-25 10:00:58,0.11708306250206722,-0.08904316625104408,9.739544148696032,31.276076513342197,30.701672762873592,44.43455578233704,1480
2025-04-25 10:01:00,0.11398293387770603,-0.07361407541222627,9.754852469251533,31.528177249382242,30.961424519327462,45.23681603840573,1430
2025-04-25 10:01:02,0.13852278184508937,-0.0966152006226896,9.726628318522447,31.14631212688743,30.605290760059106,44.53680943500923,1466
2025-04-25 10:01:04,0.11986502775262066,-0.08066079798647317,9.767984462452105,31.564633542836955,30.895271553871243,45.277756323171126,1489
2025-04-25 10:01:06,0.10942289071044099,-0.09211016199762456,9.772943918794054,31.470479482740267,30.901094031833328,44.54065674425695,1460
2025-04-25 10:01:08,0.1282254491210319,-0.08651836107802159,9.750336270754012,31.40679269962635,31.012041981499777,44.79131659319746,1481
2025-04-25 10:01:10,0.10779156350028977,-0.07952601328683587,9.791479735265801,31.18105938654664,31.351932007782217,44.85245504288105,1488
2025-04-25 10:01:12,0.12208863595004756,-0.08860413365283952,9.735484686739953,31.602720021313942,30.878483193435756,45.48790835967235,1473
2025-04-25 10:01:14,0.10040329876120224,-0.08384555544229826,9.730712502395804,31.393459832067617,30.6982072748585,45.459227221971204,1483
2025-04-25 10:01:16,0.10671813951101569,-0.0699370719078556,9.764489036371199,31.26601663285794,30.7948851375616,44.37714131177681,1460
2025-04-25 10:01:18,0.12196861235869123,-0.08576891869523148,9.780941966052243,30.92554755734367,30.44618481902218,45.027467055499926,1475
2025-04-25 10:01:20,0.1273846657999541,-0.07164307887934858,9.793678553829157,31.494497018989872,30.66105737378219,44.64521007262541,1492
2025-04-25 10:01:22,0.1217136828118997,-0.09129706854657618,9.75082231474262,31.85445031933395,30.71814351237738,44.370747544662336,1483
2025-04-25 10:01:24,0.11884351717611759,-0.07470195822084717,9.781573616668625,31.832251842909574,30.695182320413082,44.89149147478781,1468
2025-04-25 10:01:26,0.11698896304410711,-0.065584313793421,9.759229830609986,31.408580748682745,30.830470974406744,44.84575860577209,1484
2025-04-25 10:01:28,0.10521478009632572,-0.10471644500127289,9.756547454001183,31.379557587927643,30.63551601352356,46.21335824317276,1494
2025-04-25 10:01:30,0.11280155791605291,-0.08796895255470477,9.777673198749733,31.593754851215003,31.024206133464894,45.21647991268035,1439
2025-04-25 10:01:32,0.11539361229040213,-0.0742292787281946,9.773046457568269,31.300322912162343,30.80004141298364,44.31119124962288,1503
2025-04-25 10:01:34,0.13057122226218915,-0.08203045386042992,9.728472156860315,31.560358379963894,30.798139935772276,44.71761299791453,1473
2025-04-25 10:01:36,0.12343618289568462,-0.07628854126628691,9.789530806994518,31.65321605567694,30.734421056697418,45.5106916477147,1488
2025-04-25 10:01:38,0.10236959844637265,-0.0860398518671582,9.787601827082948,31.74538664477686,30.831038136771795,46.04422138643496,1503
2025-04-25 10:01:40,0.12324083969394795,-0.079134102125271,9.74748874596981,31.47996918470401,30.965019652933528,44.20700834388102,1452
2025-04-25 10:01:42,0.11614917719583683,-0.0815567723539208,9.767916070668749,31.459265249964606,30.626573956857822,44.060037807430476,1465
2025-04-25 10:01:44,0.11323077999694041,-0.06832217938340193,9.769880603725655,31.324403482648687,30.66837670218495,45.93548258768589,1474
2025-04-25 10:01:46,0.12611676288840867,-0.07745579156698787,9.765213475316479,31.334623929192027,30.73925479424467,45.19480708868545,1464
2025-04-25 10:01:48,0.1303099952249595,-0.07662397337924798,9.748993896923091,31.454704221619696,30.53082581530536,44.56585363406182,1514
2025-04-25 10:01:50,0.12931280119116198,-0.08411876966122467,9.746567532641238,31.573473101363234,30.6361484280557,45.26731454306122,1462
2025-04-25 10:01:52,0.11160782476777362,-0.08487606224072494,9.759488918580171,31.68271692524665,30.70475582529107,43.68212613049156,1468
2025-04-25 10:01:54,0.11690787624148785,-0.0843255818781962,9.783454580385188,31.33936420986393,30.974877836142547,45.00168775329858,1484
2025-04-25 10:01:56,0.12331263431403564,-0.07605547857621703,9.770872003091888,31.798537713791905,30.852512265800385,45.163910586421544,1455
2025-04-25 10:01:58,0.1297554512712236,-0.08420984480820264,9.752587713358277,31.445775279791487,30.83871798227351,45.46213506976891,1472
2025-04-25 10:02:00,0.1152082576215471,-0.07710225143103587,9.775433974212966,31.495726541130313,30.970179592433595,44.49305202385373,1486
2025-04-25 10:02:02,0.11814341023336182,-0.05924599201354561,9.703029147587399,31.350557664170434,30.772525642320122,45.04284358070168,1473
2025-04-25 10:02:04,0.10893665025993972,-0.07128875296568307,9.782975314007443,31.015151947945412,30.87809296998578,44.53728768697021,1478
2025-04-25 10:02:06,0.1080379337591933,-0.08326023532167841,9.725205724424438,31.67680907927221,30.779355649413503,45.12769187783716,1469
2025-04-25 10:02:08,0.12812525822394197,-0.06798786077836055,9.752751181171938,31.647368779418485,30.853072469879926,44.55232683881849,1449
2025-04-25 10:02:10,0.13356240028570823,-0.08408075373021552,9.737606602107476,31.443734488576357,30.683448268477683,44.79594958041989,1486
2025-04-25 10:02:12,0.11927989878419666,-0.10038124535177854,9.734106370485582,31.513398143444974,30.312236568344716,44.502092302604886,1515
2025-04-25 10:02:14,0.13003532897892023,-0.09008086310917404,9.78321653574757,31.60318784354082,30.77314416756274,45.325568120911825,1480
2025-04-25 10:02:16,0.12361636025047634,-0.09870791921025857,9.750645975973763,31.187490828622693,31.08454962721999,45.42922555832833,1484
2025-04-25 10:02:18,0.11354880245394876,-0.08351513484041309,9.766930077634614,31.39418946453074,30.98524308044832,44.88268971502129,1493
2025-04-25 10:02:20,0.12361395605508413,-0.07981581620810449,9.759061588422416,31.658852935924365,30.993079496918234,45.019118997480014,1454
2025-04-25 10:02:22,0.1353803656646597,-0.06323562687724718,9.769540816544461,31.24914211536615,31.047226144361243,44.27570429268323,1514
2025-04-25 10:02:24,0.11964173960890048,-0.07673072626235837,9.761536437821205,31.558711586433326,30.81773151819229,44.85016167599661,1484
2025-04-25 10:02:26,0.13564643655814007,-0.08219100528808865,9.734340155516229,31.228683639075317,30.83946314148112,44.97489769147913,1512
2025-04-25 10:02:28,0.09380254895910255,-0.07170594418816512,9.779925336388942,31.593285996486706,30.67646962091313,46.31039654551499,1465
2025-04-25 10:02:30,0.12821902504375224,-0.10211135309007885,9.750124868336773,31.492871703540505,30.73678542879459,44.44401648711292,1516
2025-04-25 10:02:32,0.12087047068238171,-0.07764385441891435,9.728868362026805,31.176973636818897,30.92315422995423,45.73208861937622,1495
2025-04-25 10:02:34,0.11700992649534132,-0.07229134806113033,9.751437696780682,31.732947870891433,31.040776887433765,45.4984293867329,1491
2025-04-25 10:02:36,0.12091760776535501,-0.09478586245779842,9.790015195812686,31.35308168464039,30.772110744863802,45.14031820224507,1484
2025-04-25 10:02:38,0.10012431085399107,-0.06856245956793071,9.77700443484227,31.337949512597124,30.709962147029717,45.87931024209757,1475
2025-04-25 10:02:40,0.11780328112162487,-0.07661503592505586,9.753026957311842,31.54011383944619,30.80010559177132,45.18605273630343,1504
2025-04-25 10:02:42,0.12357112571511746,-0.08415287913900801,9.753014845913631,31.72972746988574,30.920241349785822,45.194579597833965,1482
2025-04-25 10:02:44,0.13477894044741515,-0.07367218133893716,9.753567298975652,31.29683563620432,30.511229036773294,44.97343967349123,1440
2025-04-25 10:02:46,0.11481729781726352,-0.05729307142195604,9.801534959671217,31.512335969969595,30.340763809372554,45.611784441209316,1457
2025-04-25 10:02:48,0.11191506397106812,-0.07818133744941505,9.76763870904463,31.585763300066116,30.689892630101685,45.54823461690544,1476
2025-04-25 10:02:50,0.11498242956415464,-0.07751779413699664,9.768600832943822,31.63862112145263,30.55585751481717,44.68716135625189,1486
2025-04-25 10:02:52,0.12915402117702074,-0.08459360899540244,9.780605669080636,31.535288311055446,30.69837196047054,44.34037640270061,1478
2025-04-25 10:02:54,0.12328751109659684,-0.08849844369464792,9.76477578318053,31.426594432183336,30.770443936236507,44.89850968130217,1504
2025-04-25 10:02:56,0.1147023979623296,-0.07169664183455754,9.754819157083586,31.334481955870256,30.709350318195398,44.599980717801174,1440
2025-04-25 10:02:58,0.12513267433113356,-0.08856083825908867,9.756073003018301,31.517228776609276,31.09049350689415,44.96823771269232,1482
2025-04-25 10:03:00,0.1209707754934804,-0.07928433762780608,9.758567974811719,31.285572197602878,30.865348952920463,45.61871906734207,1443
2025-04-25 10:03:02,0.12968644990532888,-0.08477657446765116,9.759255555269803,30.915729903301077,30.860094871922165,44.7713491724566,1495
2025-04-25 10:03:04,0.11297946906122647,-0.07521020174253608,9.774552590872739,31.587311960831535,30.92444142880868,44.97858830934421,1478
2025-04-25 10:03:06,0.11672337853402232,-0.07666337894713052,9.761038917716146,31.680786968217237,30.572233376443847,45.029011367404195,1488
2025-04-25 10:03:08,0.11607891846867842,-0.06962460055742101,9.774652801544311,31.02741351289163,31.007822357484056,45.42421544110264,1462
2025-04-25 10:03:10,0.1053648505186788,-0.08510016398854747,9.758385668397828,31.29805385905801,30.784847142692907,43.876555333007694,1505
2025-04-25 10:03:12,0.12296120277064576,-0.08269874935293371,9.761572703806321,31.62383085220104,30.934096123448242,44.69664985261735,1500
2025-04-25 10:03:14,0.12261055272179888,-0.08978763715782308,9.720035986309357,31.91149909394234,30.58562855339197,45.10564184613973,1491
2025-04-25 10:03:16,0.1200511345664246,-0.08444293260076112,9.778326553494049,31.504158741535083,30.489248246796787,45.60003947821343,1477
2025-04-25 10:03:18,0.11765412866624853,-0.07622699506955148,9.76692976951796,31.354399411754173,30.963577931605005,44.7540487762469,1491
2025-04-25 10:03:20,0.10584629257949585,-0.07243011383354649,9.779960202197193,31.463420711779033,30.875281905219506,44.06172364697906,1465
2025-04-25 10:03:22,0.1157935467723464,-0.08922165324177625,9.702074892436126,31.774975283829637,30.6195896891285,45.309855722983066,1497
2025-04-25 10:03:24,0.1165728548347323,-0.0713039407989434,9.801767494095614,31.370807164175094,30.626067383745063,44.68231880558719,1512
2025-04-25 10:03:26,0.11197722730778381,-0.0664436214119505,9.757208207436896,31.340161598669948,31.025086956882955,44.40516667045482,1501
2025-04-25 10:03:28,0.1183871428833399,-0.07586565096776299,9.78216365633475,31.403451295563592,30.562117621426534,44.68782730514339,1465
2025-04-25 10:03:30,0.12404050856814539,-0.06123204187441934,9.73920188145749,31.309334278348256,31.128534590651192,44.90773732117208,1487
2025-04-25 10:03:32,0.1388618590121053,-0.08773789199103574,9.77225547810125,31.52453406319896,30.619875853070425,44.69762766773089,1454
2025-04-25 10:03:34,0.12174577812831838,-0.09244654703311417,9.738931688736526,31.824935691693913,30.927678385121677,43.89721697145047,1491
2025-04-25 10:03:36,0.12257550390722764,-0.0977872024890428,9.747524620786084,31.564615854623206,30.734276304850205,45.44853309844357,1489
2025-04-25 10:03:38,0.11925554084233832,-0.06503955688510817,9.798280627077336,31.449529299574742,30.92063748621647,45.63743752063936,1442
2025-04-25 10:03:40,0.10081228784700957,-0.07345634343645943,9.756186351984732,31.44163774621689,30.69117719957716,45.325760995669754,1456
2025-04-25 10:03:42,0.11973486124550782,-0.08055584670910455,9.764348657463595,31.187361838260667,30.76744141878554,44.43115716478759,1474
2025-04-25 10:03:44,0.12060230209941027,-0.07720031373680179,9.777401354613774,31.676621955429432,30.808183835079145,44.89925423302624,1473
2025-04-25 10:03:46,0.14463242112485286,-0.09125489047298377,9.769913637759451,31.48443256059744,30.599562508843707,44.99673934238527,1455
2025-04-25 10:03:48,0.11807639035218877,-0.055542480203831734,9.763008378102871,31.463904017281873,30.948164869084025,45.29939719478096,1487
2025-04-25 10:03:50,0.12301547342333612,-0.07870778818024772,9.767299220049324,32.13862151356897,30.697357286705685,45.33417024435904,1485
2025-04-25 10:03:52,0.11965288230294756,-0.07890605205395107,9.808068311704766,31.559750581673136,30.754280016931997,44.63291310061075,1476
2025-04-25 10:03:54,0.10831321962380468,-0.07274233376101308,9.758847624059328,31.349641789980964,30.6011301250783,45.04099777820678,1464
2025-04-25 10:03:56,0.1314282281451502,-0.07518990768263287,9.764021980934299,31.414728480758892,30.28753326824094,45.22864020230762,1500
2025-04-25 10:03:58,0.12751933032686774,-0.07776115975720868,9.781013087920153,31.72968914183935,30.761794447479968,45.727911161073386,1513
2025-04-25 10:04:00,0.12791031947043047,-0.08790474455445312,9.78211051865916,31.522654082107554,31.282523084322584,45.35225326991236,1470
2025-04-25 10:04:02,0.11090612545205261,-0.07528531642864005,9.783740606111207,31.212344404336527,30.956920857579604,45.39452834368776,1467
2025-04-25 10:04:04,0.13402794310936098,-0.06117975503524967,9.772774604440583,31.68384578691504,30.796147924053123,45.04191331396468,1489
2025-04-25 10:04:06,0.10598148937207719,-0.06654579953845022,9.73713990174539,31.366371182892202,30.74742183415835,45.70522957260175,1472
2025-04-25 10:04:08,0.1258685709380027,-0.06406813373360604,9.792668630646022,31.874659555243507,30.80449317856241,45.20488139797975,1477
2025-04-25 10:04:10,0.14190455625809978,-0.08511215676431186,9.737073092139626,31.71600961314293,30.90942382303504,44.56945604491322,1494
2025-04-25 10:04:12,0.11009463674869312,-0.08989604820258582,9.76605270930478,31.41053562086825,30.563837436938233,45.7016849850626,1441
2025-04-25 10:04:14,0.11433702270397228,-0.08125786920099648,9.744914482999613,31.756203272347022,31.022864338933775,45.34895163626951,1506
2025-04-25 10:04:16,0.12099651365087641,-0.07944275087711306,9.75871723306814,31.51357110210548,30.94307626308825,44.77847798943576,1481
2025-04-25 10:04:18,0.114965243458838,-0.06905808481529052,9.766575248206069,31.670554735024442,30.943637145141587,44.76025351630038,1471
2025-04-25 10:04:20,0.10449336568933867,-0.0969246462971482,9.766427144309006,31.596946563458896,30.887695147761946,45.148287772570384,1478
2025-04-25 10:04:22,0.12068562974806027,-0.06470449680539386,9.768438415084706,31.330728669001825,30.803923331538797,45.23159239763379,1479
2025-04-25 10:04:24,0.10937696286273894,-0.0815800789857899,9.792274225381172,31.371290033536507,30.934572247193366,45.0986461328156,1445
2025-04-25 10:04:26,0.12473592430635182,-0.0842688106994742,9.769070686030279,31.705992163516232,30.918362826748275,45.15565433672144,1509
2025-04-25 10:04:28,0.11080575765766196,-0.09012104375260167,9.755116867294188,31.433044933578692,30.729191857811795,45.84997868728819,1480
2025-04-25 10:04:30,0.13549934405017539,-0.09654856671865769,9.779281743365766,31.4192703073516,30.68527964542062,45.53577157611744,1488
2025-04-25 10:04:32,0.11216746707663762,-0.07176829416038086,9.783789409778493,31.30897548413013,30.820371259052397,45.09531779563251,1499
2025-04-25 10:04:34,0.11677938483794324,-0.07926682032811597,9.73544784369726,31.584719813118692,31.10980403029904,45.47065529038374,1459
2025-04-25 10:04:36,0.1281351721736967,-0.09289960899741054,9.771948001396996,31.912504983848628,30.55217858486922,44.48373804823623,1489
2025-04-25 10:04:38,0.10769135683566045,-0.09295078772063617,9.774023454846217,31.286493417149146,30.506494946849514,45.19896352497341,1474
2025-04-25 10:04:40,0.12227459934604129,-0.08335784699290129,9.7540487299328,31.504843891334552,30.832952168247303,45.90465317486655,1496
2025-04-25 10:04:42,0.13307142754282428,-0.06330978474710608,9.787514136266232,31.782444111083088,30.810177540371203,44.89097705230381,1437
2025-04-25 10:04:44,0.10392516765438772,-0.08259591351363604,9.75699888825935,31.48407172175086,30.83466833287408,44.576183035690455,1478
2025-04-25 10:04:46,0.12184633858532304,-0.09503142953118106,9.76251152906943,31.590474359249946,30.8487906395817,44.67395555570347,1467
2025-04-25 10:04:48,0.12259882794248424,-0.08245743064085945,9.756538563514322,31.287521294370624,30.755359549073038,44.4551834813288,1488
2025-04-25 10:04:50,0.1278182287177731,-0.08272723569747671,9.76031158095163,31.58566141944153,31.097972687720418,44.60761904593615,1489
2025-04-25 10:04:52,0.10763049289121918,-0.10696886642941572,9.738074498262096,31.46257114699909,30.479819204304697,44.81474595070499,1465
2025-04-25 10:04:54,0.10679543386915723,-0.08054294866517812,9.731198982348113,31.697145999135973,30.63430059504395,44.297216490410676,1465
2025-04-25 10:04:56,0.12521941565616898,-0.08230934530208678,9.7918901012645,31.73747721031295,30.779349047970193,45.0078091669748,1477
2025-04-25 10:04:58,0.12296984673233186,-0.07303793635186581,9.743060773033633,32.01791272840372,30.471362237769167,45.45113858689332,1462
2025-04-25 10:05:00,0.12250492850345876,-0.06151043905054655,9.740172153010874,31.615926634642715,30.764829119113585,44.54612190992654,1496
2025-04-25 10:05:02,0.12346448209496975,-0.06873434970452243,9.716932197727925,31.565159263316435,31.132294033145605,45.75964196182088,1472
2025-04-25 10:05:04,0.11319975278421508,-0.0826888869055483,9.74722076504621,31.53887686031547,30.804177297659194,45.2553960442638,1421
2025-04-25 10:05:06,0.12232253697161002,-0.09106525908741671,9.73353820413185,31.429366741437864,30.84614018114374,45.515290292812026,1472
2025-04-25 10:05:08,0.1229307247329868,-0.0542664019675014,9.792840303202727,31.56769676869234,30.547967046965486,44.67108272307393,1459
2025-04-25 10:05:10,0.11285648581973631,-0.07940781565985512,9.780196341786853,31.440919717972193,30.676727718392105,45.42726261353331,1447
2025-04-25 10:05:12,0.13865774511144757,-0.07986070708087054,9.746236993096446,31.533692195253924,30.72496072393521,44.45403304980234,1455
2025-04-25 10:05:14,0.12473832920911787,-0.08024125087110004,9.805048716106885,31.763519507121593,30.736456980648754,45.445123750418254,1482
2025-04-25 10:05:16,0.1080869650279735,-0.07801915239232145,9.779635309739831,31.298691486944072,31.056328759000756,45.08591966989677,1506
2025-04-25 10:05:18,0.1265655360863383,-0.08144360411923943,9.753503372329828,31.72797571222581,30.911538212145025,45.276625609992394,1486
2025-04-25 10:05:20,0.11025318329772678,-0.08573662006880237,9.710011885702528,31.763423013467975,30.577708408612594,44.412202697187574,1467
2025-04-25 10:05:22,0.12787084603742452,-0.08546858941240393,9.805818851451814,31.476386294601784,30.849300955686402,44.5524650788617,1489
2025-04-25 10:05:24,0.13158595579007404,-0.08032753270215999,9.732208550664728,31.07562902019828,30.899644349699358,45.298614109126696,1470
2025-04-25 10:05:26,0.11179317681648289,-0.08543424771133765,9.727092025060863,31.378435602581114,31.028029807704254,44.5258259978879,1466
2025-04-25 10:05:28,0.12963376129244322,-0.08712845782677164,9.780451408640193,31.75939890931222,31.116108137313674,45.23160314604956,1456
2025-04-25 10:05:30,0.12412780926936498,-0.07893569772308104,9.808795048126786,31.495426387540224,30.596981161634428,44.316431096769875,1444
2025-04-25 10:05:32,0.1282206015999449,-0.08254977217420856,9.78768545637021,31.30013955354102,30.637828497757933,45.42408710633333,1472
2025-04-25 10:05:34,0.13896792982653947,-0.06496007011417311,9.771278182401048,31.399045015754357,30.548484428217076,44.38373834261574,1483
2025-04-25 10:05:36,0.11754611883997129,-0.10650969808393013,9.771895086833306,31.66812400530091,30.753196028178603,45.27614996883976,1478
2025-04-25 10:05:38,0.1124626383564251,-0.06908493148077538,9.777068311175606,31.609346713640274,30.893271674889267,45.312815466823004,1471
2025-04-25 10:05:40,0.11110485570374476,-0.06753914807502372,9.775178571795735,31.45221358016606,30.99746690331782,44.65161409078521,1461
2025-04-25 10:05:42,0.1118418971503456,-0.1007339023240815,9.765623828479388,31.426635117637062,30.784809795271496,45.29101328354236,1492
2025-04-25 10:05:44,0.11922898290585895,-0.08342687594080349,9.762084022079037,31.421648370191235,30.73603049534903,45.13022113166678,1453
2025-04-25 10:05:46,0.12341151974816643,-0.08371440865995791,9.758748137442009,31.315517963100298,30.83035159844975,44.730579071903634,1495
2025-04-25 10:05:48,0.12276690799330019,-0.09407511694717821,9.744920708222667,31.823075137893888,30.632971419673996,44.4957226579619,1459
2025-04-25 10:05:50,0.12827183249036023,-0.08777816687590875,9.754386498462665,31.43553590615773,31.217907744338955,44.01868715416371,1464
2025-04-25 10:05:52,0.12013001891877907,-0.09110575845465829,9.726140863716092,31.7434317041651,30.47846779457639,45.174825023649845,1450
2025-04-25 10:05:54,0.13453534077157317,-0.06247729556576377,9.758033207464106,31.80426321038449,30.836948115779144,44.21759861431897,1469
2025-04-25 10:05:56,0.11735343166762044,-0.07064321606852539,9.74022817785698,31.69966217962959,31.204721243845928,45.04767209972066,1499
2025-04-25 10:05:58,0.1472016916658962,-0.06728444905005841,9.737928213655684,31.41367593745639,30.801359968912,44.868275891958874,1490
2025-04-25 10:06:00,0.12625667347765007,-0.07278327935956765,9.763597883023069,31.580746018067323,30.761992192999703,45.3395713877191,1499
2025-04-25 10:06:02,0.11142842443583717,-0.0912905177121723,9.787840045726892,31.495160878721816,30.728510915437916,44.84897725025507,1490
2025-04-25 10:06:04,0.10929107501938887,-0.08524520266279774,9.778366332120045,31.319259627853974,30.76392166364752,44.835276106826456,1457
2025-04-25 10:06:06,0.12482472415243184,-0.07510625438772082,9.728589987927537,31.564871856344322,31.074569694935306,45.36593535214415,1473
2025-04-25 10:06:08,0.11776537214674149,-0.09222127808891946,9.740207437268593,31.26419204176804,30.3576276177341,45.16752901454206,1464
2025-04-25 10:06:10,0.12714000494092093,-0.07287001569827611,9.778815423759765,31.737535877692313,31.106686740259267,45.158077978591386,1506
2025-04-25 10:06:12,0.12473237624573544,-0.08240325398158135,9.740350252129234,31.40707654054032,30.515208569509973,45.23463379490426,1456
2025-04-25 10:06:14,0.11927171087343127,-0.08374820807549598,9.75550733700006,31.540231931174567,30.746669534153117,44.23221393839645,1497
2025-04-25 10:06:16,0.11153206281931595,-0.07289040031796509,9.77100104198049,31.556657574309227,30.71415111594027,45.37839433999349,1497
2025-04-25 10:06:18,0.10485152775314135,-0.0755573668851396,9.740633110902728,31.448219005259183,30.917710653954146,45.306234397006804,1516
2025-04-25 10:06:20,0.11553485047932978,-0.0836096616581908,9.762107510122918,31.617338760295056,30.48037512962325,44.49165843571175,1471
2025-04-25 10:06:22,0.12856398794323473,-0.06840670196635752,9.733319490101636,31.405019268675495,30.892434533216388,44.8779597631629,1494
2025-04-25 10:06:24,0.12214093744130204,-0.09081063327599898,9.747972647120976,31.67425945949145,31.204861924657372,44.98034635618618,1525
2025-04-25 10:06:26,0.10754261221288011,-0.07384064393055736,9.76639563868285,31.23080406395065,30.527365199081437,44.93275160779913,1467
2025-04-25 10:06:28,0.12173180925851182,-0.07406898742031616,9.728140125329366,31.525275915909283,30.83794123352208,45.16692998328427,1449
2025-04-25 10:06:30,0.12385317379728836,-0.0830954643931399,9.768809494759207,31.887785799811656,30.66760356444068,45.71568339091559,1442
2025-04-25 10:06:32,0.11116142563798867,-0.07673866977757882,9.759607244021467,31.299933735078884,30.885177441238607,45.540883363836414,1494
2025-04-25 10:06:34,0.12153725105945527,-0.09251113576385303,9.771049799088344,31.36445100589503,30.80382955548315,44.3438904032843,1442
2025-04-25 10:06:36,0.12058208718446,-0.070759729807931,9.764478282681292,31.602781569931782,30.671702618191137,45.31103499515302,1472
2025-04-25 10:06:38,0.10857029702169377,-0.0818490213644299,9.787282808599477,31.53591635638792,30.897574456974215,45.664466659767704,1488
2025-04-25 10:06:40,0.12357787360348282,-0.0852272302051904,9.762504490052958,31.570126019854712,31.16086962195735,45.1934042603446,1483
2025-04-25 10:06:42,0.12560784526368235,-0.06950990774163111,9.751411889177495,31.597837426029532,30.761819241654543,45.54549021259298,1488
2025-04-25 10:06:44,0.13083051243175275,-0.0870434369054276,9.762445950060645,31.626944293712356,30.943951588429638,46.00613522285038,1484
2025-04-25 10:06:46,0.13053802052034902,-0.0940846129636356,9.770865960580728,31.721939968391244,30.54134540842577,45.51185477305349,1505
2025-04-25 10:06:48,0.10622330632042909,-0.09556629173523903,9.760977201406513,31.581963731385702,30.608712724636398,45.12465429782086,1460
2025-04-25 10:06:50,0.11062174960084876,-0.0739399004865436,9.760811833824077,31.451748469076293,30.894481255576075,45.522544237042375,1466
2025-04-25 10:06:52,0.1251503526720866,-0.09280429352496283,9.745960166243865,31.634514740240547,31.096823205707192,45.072443916548444,1464
2025-04-25 10:06:54,0.1251378595091221,-0.06245205818015635,9.74674198164898,31.879976386979042,30.87112266975713,45.01195152164248,1496
2025-04-25 10:06:56,0.12515047686306047,-0.10081929407883722,9.731947894564007,31.473473250723487,30.73738839389537,44.82429288214313,1498
2025-04-25 10:06:58,0.1585273149065472,-0.06303543631709962,9.794991534863739,31.305094139065872,30.79985828108467,45.781706679416054,1489
2025-04-25 10:07:00,0.12570890510693167,-0.07788982532797381,9.735122735292174,31.721416133857396,30.549918453206057,44.590785667028996,1503
2025-04-25 10:07:02,0.131355656401806,-0.08096713111870392,9.746141896044081,31.47592376720928,30.920903065271073,45.766183862339055,1456
2025-04-25 10:07:04,0.12954001763493203,-0.0854491908680895,9.745631854688616,31.065466090797194,30.976466612464684,45.24993206187018,1513
2025-04-25 10:07:06,0.12651391251305796,-0.0760086388564793,9.777898487538888,31.669484335430084,30.709581933433384,44.30034691259903,1510
2025-04-25 10:07:08,0.11684730755359654,-0.08037634702424848,9.754101006434158,31.392934362809214,30.705991570448102,45.18382464649571,1494
2025-04-25 10:07:10,0.12758969220493266,-0.06896698117983478,9.784954841453475,31.481893343539166,30.85317564593041,43.94998674617419,1515
2025-04-25 10:07:12,0.11227174785462428,-0.07885772351337961,9.746530187515122,31.566396066113803,30.712656052791882,45.31275400841552,1446
2025-04-25 10:07:14,0.1176318139325999,-0.07849698238538122,9.765579883244476,31.538099935955813,30.786773477074835,45.44261574149449,1469
2025-04-25 10:07:16,0.11514636452170895,-0.08363612212213856,9.743293058934805,31.64189036342781,31.219944357833302,44.70382202217397,1465
2025-04-25 10:07:18,0.12081874139386323,-0.08056945623721068,9.802902982555468,31.41290272588603,30.7505948598508,45.06177384797779,1494
2025-04-25 10:07:20,0.14314658566673508,-0.07692198231107941,9.736248031619409,31.602621159635216,30.728331969595757,45.97707871687514,1458
2025-04-25 10:07:22,0.10132734807408252,-0.09710168392656626,9.76619641420454,31.448090664483217,30.670491638872967,44.74712664786903,1495
2025-04-25 10:07:24,0.12686260190374513,-0.09348185422105713,9.772675537618642,31.6477620961775,30.948838394299987,44.4705462064717,1507
2025-04-25 10:07:26,0.10387284128810348,-0.07256735905977285,9.76827598194903,31.62307349680261,30.76375516535638,45.7408317012313,1493
2025-04-25 10:07:28,0.11528068134210566,-0.07829134561872059,9.756294246822446,31.31291225959108,30.670125392335716,45.9812935952654,1485
2025-04-25 10:07:30,0.13088950596967366,-0.08183983336352679,9.757403586005331,31.717196423235006,31.0642608064546,45.001847835923925,1460
2025-04-25 10:07:32,0.12064280019095462,-0.07981566066934608,9.760876229439582,31.39280731097719,31.08392060090273,45.50573151770418,1463
2025-04-25 10:07:34,0.10922255222070694,-0.07652418294638329,9.75705995996743,31.66161155965623,30.67991528685226,45.67073795776544,1504
2025-04-25 10:07:36,0.11284696290740032,-0.08539759680309361,9.779277582335897,31.573457462680267,30.426692009727876,44.628757883730806,1495
2025-04-25 10:07:38,0.12679597748934676,-0.08778304725402312,9.804210460031827,31.867636735359024,31.001502737967385,44.757347082316066,1479
2025-04-25 10:07:40,0.11269633368282862,-0.07804154744902318,9.748850164299844,31.45530680352563,30.663074034847998,45.615437256577366,1471
2025-04-25 10:07:42,0.12216458589581974,-0.08978372777615032,9.732603940408419,31.43013664077636,30.958125119832555,45.842507139354254,1439
2025-04-25 10:07:44,0.12045571839903814,-0.07591747244285528,9.758234359032974,31.496116078822453,30.405979236457632,45.28144043008718,1458
2025-04-25 10:07:46,0.11348399652394182,-0.09702583604237841,9.811594186753085,31.439364043433145,30.97851946765986,44.56009282324897,1518
2025-04-25 10:07:48,0.14143944089325325,-0.06970844362674357,9.743926508640605,31.65998838038841,30.557765614143843,45.99353055584972,1454
2025-04-25 10:07:50,0.1263391902231801,-0.07527402517586958,9.792782336108882,31.176737878312682,30.946152823813307,44.734514551094016,1483
2025-04-25 10:07:52,0.09974857413342392,-0.07743970265686125,9.79355401628153,31.289263516170728,30.802854613567288,44.83243110941427,1500
2025-04-25 10:07:54,0.12186454314769427,-0.07017309016054486,9.74892823516584,31.28643941568416,30.609212116120673,45.17116891724481,1454
2025-04-25 10:07:56,0.11338213535231612,-0.06334525555537424,9.771379661583705,31.690061518394714,30.718592737414646,45.77708021035739,1483
2025-04-25 10:07:58,0.12852433334796223,-0.0698562993498187,9.792567932462571,31.842122674516386,30.93726369139134,45.42698798827611,1498
2025-04-25 10:08:00,0.11207479261567299,-0.09840874231331645,9.75241744518025,31.479110156292506,30.82117889062305,45.207432750180956,1480
2025-04-25 10:08:02,0.118852635585331,-0.09279576966735702,9.755928392797953,31.466235655362,30.9168825960945,45.23164426505905,1537
2025-04-25 10:08:04,0.12504987278980456,-0.0862481857769568,9.748366381721027,31.514010432622637,31.195288116903097,45.021757334321734,1446
2025-04-25 10:08:06,0.1286575519417012,-0.07973908949789166,9.739704865386143,31.732375660521637,30.487151677657792,45.27906975725925,1501
2025-04-25 10:08:08,0.10799703592944224,-0.07482340979530877,9.74701444909868,31.314529373161886,31.123442514993727,43.73521996115285,1476
2025-04-25 10:08:10,0.11665498764159052,-0.08725743813153466,9.735521194664754,31.547673796546956,30.820871187504643,44.8516962704651,1495
2025-04-25 10:08:12,0.11525054688839044,-0.07813233235522922,9.760681669365184,31.695039525956485,30.620243190335376,45.12066096745839,1488
2025-04-25 10:08:14,0.11346670767426288,-0.08755382932353323,9.744600535378828,31.60021883398797,30.533937274852203,44.42449295819025,1465
2025-04-25 10:08:16,0.13765454240281097,-0.08611517802991948,9.764675718235814,31.53791632331975,30.762175921844594,45.19316165890578,1484
2025-04-25 10:08:18,0.12404981710960955,-0.09406661096848222,9.728882087075927,31.70020921851343,30.984330022384892,44.89776438950694,1442
2025-04-25 10:08:20,0.10739116045664954,-0.08923233246110904,9.766617604644289,30.95935354140015,30.774490175924495,45.87773784915775,1492
2025-04-25 10:08:22,0.12917861947054776,-0.09351684605616334,9.776670579232178,31.63557506390618,31.10223098604947,45.78650986260743,1485
2025-04-25 10:08:24,0.14122156197012634,-0.08975873252977333,9.720125287148571,31.369184863374514,30.509764861989687,44.76709721544092,1492
2025-04-25 10:08:26,0.13032465260551146,-0.06946358203392161,9.767481131396952,31.13387342062871,30.79758221043079,44.92458114421665,1501
2025-04-25 10:08:28,0.10480630034045986,-0.08949398888831943,9.784553379849466,31.602240519904996,30.549521311117378,44.963026217195804,1487
2025-04-25 10:08:30,0.11515765927133748,-0.053676179351626094,9.735807179626176,31.77473170903259,30.872726376524994,44.77417026192019,1482
2025-04-25 10:08:32,0.13266911149186622,-0.07506682099119111,9.793451447736754,31.47251029707446,30.97737747801946,45.09751249201406,1462
2025-04-25 10:08:34,0.11292330534381219,-0.07815163876305126,9.76838038018732,31.69057490944059,30.71584764126379,44.6208589655562,1465
2025-04-25 10:08:36,0.12443819428146229,-0.08858357780181214,9.745899762884832,31.82245565159773,30.279157228674574,44.434692332531235,1503
2025-04-25 10:08:38,0.12774634053429337,-0.07299690120591008,9.758884618446846,31.76298289071681,30.8397896293593,45.311355611950134,1508
2025-04-25 10:08:40,0.11073069528421917,-0.08575637826237774,9.771166538250434,31.82799290587428,30.887347710346702,45.31476479211091,1475
2025-04-25 10:08:42,0.119404746439382,-0.07877990185354639,9.761520107828249,31.64842549821438,30.88085895099234,44.59784212017001,1480
2025-04-25 10:08:44,0.08758732659930926,-0.054399154617312054,9.770775119848928,31.515086727780318,31.047156438364432,45.4476777153813,1461
2025-04-25 10:08:46,0.1097561235866571,-0.0809605989972465,9.741586528138413,31.179606837620565,30.58578926407019,44.684211135417335,1503
2025-04-25 10:08:48,0.11747431848606839,-0.06850726673714325,9.763387216480721,31.45078750237401,30.93604322109009,45.12658261901899,1493
2025-04-25 10:08:50,0.1075221681803515,-0.08703176425125887,9.7317257100619,31.33135068093676,31.038501502495595,45.410172006306226,1518
2025-04-25 10:08:52,0.13632411303931635,-0.08034988490496962,9.757775478773025,31.934188543499562,30.4442824831987,44.98319371764814,1462
2025-04-25 10:08:54,0.10569858622039367,-0.062291993643644905,9.741921847170705,31.464822837513534,30.863930365183798,45.22737045607057,1472
2025-04-25 10:08:56,0.11559955513303016,-0.08626967057787768,9.745289401148204,31.524640961356898,30.699164033798468,44.74178517805621,1484
2025-04-25 10:08:58,0.12130740577286091,-0.06187551442003071,9.784721863504208,31.610297075208095,30.783695465379672,44.901766708285955,1492
2025-04-25 10:09:00,0.13441273289066116,-0.07292248064544525,9.781826202411885,31.50872048927449,30.869535296707667,44.89707028455983,1475
2025-04-25 10:09:02,0.1056413784882056,-0.08562466775894267,9.772182762418144,31.83901020808615,30.70255428717729,44.626710826729884,1462
2025-04-25 10:09:04,0.1316316375215496,-0.07367592260944479,9.738153744706548,31.37547012765311,30.66485838416768,44.91161291844211,1497
2025-04-25 10:09:06,0.12010233061019586,-0.07027445550373271,9.753671831006104,31.53892149104745,30.806830483497606,44.22569085056813,1494
2025-04-25 10:09:08,0.11018491348952049,-0.07378190037782803,9.784261953999584,31.35150588286039,30.58255081222744,44.75442312642895,1461
2025-04-25 10:09:10,0.1246210347426327,-0.09570224719890456,9.762834338272798,31.23599549775586,30.582834974222962,44.857562253315166,1507
2025-04-25 10:09:12,0.12199059695573469,-0.08727137175824869,9.806386590799633,31.377646181818942,30.935874656591302,44.87191012375231,1503
2025-04-25 10:09:14,0.11399783122841205,-0.08247518635551505,9.767866356787888,31.492592640590317,30.57024119296827,44.87925127706461,1482
2025-04-25 10:09:16,0.12069802084990018,-0.08074433429100046,9.7638409823298,31.414139555096547,30.933262500181844,44.96911790006993,1481
2025-04-25 10:09:18,0.1161468640313824,-0.07379327902449322,9.75381767071595,31.361515804025228,30.892518258570792,45.23972075904303,1491
2025-04-25 10:09:20,0.12113517345251247,-0.07822298999066746,9.762670818095646,31.218736507265632,30.454838654241883,45.43725853706626,1462
2025-04-25 10:09:22,0.12662130674521047,-0.09335344358710101,9.756950603272388,31.48337888547426,30.66448706953287,44.67511738657586,1480
2025-04-25 10:09:24,0.13586016816145352,-0.07619802148994037,9.774162173533771,31.1990559251938,31.038821880609476,44.39839957230543,1436
2025-04-25 10:09:26,0.1076218450117315,-0.07389414254716177,9.77913404633589,31.65201119273792,30.603766893772065,44.47897779387845,1497
2025-04-25 10:09:28,0.14133033374656268,-0.0744020955206896,9.74428021078984,31.5164879505869,30.707119147538123,44.75639853940254,1448
2025-04-25 10:09:30,0.10047912200477498,-0.06919219274445379,9.733375340928845,31.208489700107013,30.89241217865038,44.82403934109175,1510
2025-04-25 10:09:32,0.11848214904964416,-0.07166077845451096,9.723275892537934,31.438158184590026,30.956678101856518,44.61500196690127,1473
2025-04-25 10:09:34,0.12588317206484576,-0.07540819920771563,9.77015982653825,31.349568718881883,30.7496922227911,44.35194166787505,1475
2025-04-25 10:09:36,0.12280991867735032,-0.08070165711458648,9.737932667876523,31.563834902083837,30.680497961061672,44.7719395862629,1467
2025-04-25 10:09:38,0.11377300480179406,-0.09660960933515991,9.71694218814095,31.76809008920463,31.0844739723397,45.090713310056984,1474
2025-04-25 10:09:40,0.11791877749642725,-0.07570381780867415,9.767771572090618,31.12496550607085,31.147779932759516,45.29751473291778,1508
2025-04-25 10:09:42,0.11506999065341167,-0.0779231231283689,9.809859990348656,31.523005215829482,30.99577161015636,44.72128847344584,1430
2025-04-25 10:09:44,0.11410635243055788,-0.07728421162804627,9.759878581769202,31.467973440886674,30.817063628513004,44.79350108892828,1505
2025-04-25 10:09:46,0.12849602097021023,-0.0927674857582031,9.776769815489033,31.634268015290093,30.638346855671816,44.53665084557635,1486
2025-04-25 10:09:48,0.12357015485965046,-0.09081056540408262,9.761636587170951,31.54263932564754,30.633911118688687,44.98428041481261,1455
2025-04-25 10:09:50,0.11307090404739345,-0.06946847146667097,9.758022206936177,31.349606133652237,30.904502821053153,44.575785682904595,1458
2025-04-25 10:09:52,0.1289959987543325,-0.08039555153856655,9.778381529659756,31.436189212866676,30.883679644177736,45.2865639066206,1513
2025-04-25 10:09:54,0.12307299520876609,-0.07318499302627376,9.754194509116227,31.340794828639304,31.080319718589287,44.10706675403294,1461
2025-04-25 10:09:56,0.1281286211883896,-0.07971681623869539,9.765347846281438,31.71520142771972,30.93009001850723,44.82018516377377,1456
2025-04-25 10:09:58,0.12629628841923612,-0.07970243860504254,9.76643395612392,31.504262329734388,30.499383939648038,45.15055366959587,1502
2025-04-25 10:10:00,0.11171004989077928,-0.07061716194024002,9.746638190927138,31.880238137150602,31.010389523544585,45.09191725816125,1486
2025-04-25 10:10:02,0.1143981895980303,-0.08516044728217374,9.77984084699073,31.487867837237076,30.60038787453712,46.34651683199025,1461
2025-04-25 10:10:04,0.1274729360512326,-0.07903879223059017,9.756500804866091,31.358318646617906,30.72320574560953,45.174900012283956,1484
2025-04-25 10:10:06,0.12610370265433465,-0.08462275288705043,9.744885096810142,31.197257121477435,30.850040041250338,44.497972701578995,1459
2025-04-25 10:10:08,0.11979098406035851,-0.08434496227432316,9.770730196871408,31.139372064748812,31.199133497956794,44.952267876455466,1502
2025-04-25 10:10:10,0.12117327383308782,-0.08309172123468639,9.74203064036418,31.1831728113989,31.421983711201072,44.11187683326678,1501
2025-04-25 10:10:12,0.13277664895788424,-0.07777866228366287,9.760563623147382,31.5534253302023,30.921344611827237,44.95970012535162,1490
2025-04-25 10:10:14,0.1140842861116417,-0.08478748621663477,9.759817620067116,31.601745004645988,30.763360676255925,44.58347197149962,1487
2025-04-25 10:10:16,0.1254709738117004,-0.0674424387442648,9.781717911316631,31.183761859593574,30.90690112969611,45.45769513778008,1515
2025-04-25 10:10:18,0.11797807347566105,-0.08894607302219504,9.769493964657599,31.679007662815224,30.977531085174768,44.725229862702236,1479
2025-04-25 10:10:20,0.1178231879677278,-0.08186871644161359,9.759499460825097,31.403387789663313,30.735866474888564,44.94161704210238,1456
2025-04-25 10:10:22,0.1309877685198719,-0.08439731058274175,9.776355325984005,31.52935860239711,31.159042271182464,44.6822210792978,1488
2025-04-25 10:10:24,0.12825416348988028,-0.06553022115646268,9.787804150980346,31.822444125651085,30.846014151838283,45.869425675926664,1521
2025-04-25 10:10:26,0.1281350963600064,-0.07803445223488426,9.771156206127037,31.679367863173105,30.89954861781828,44.83937861694105,1459
2025-04-25 10:10:28,0.13305478807154328,-0.06968155460531365,9.760207052396867,31.446293870418835,30.933184850410893,45.9162785217396,1472
2025-04-25 10:10:30,0.12021003841632759,-0.09485560373036972,9.733763275352997,31.321761554916943,30.884317322122893,45.407075881059136,1488
2025-04-25 10:10:32,0.12681952971294963,-0.07732949734130741,9.738697726738492,31.06963691973414,30.967788100093923,45.24103336366769,1478
2025-04-25 10:10:34,0.11689733243406543,-0.07110369204376563,9.753895505912906,31.356169336151517,30.676549362690615,45.18436657365876,1460
2025-04-25 10:10:36,0.12324166352488442,-0.07917716010724576,9.747809755956814,31.45777395223446,30.688339649210796,45.19689864910813,1502
2025-04-25 10:10:38,0.11869856945632315,-0.06934519624934649,9.75626057394029,31.302564094569764,30.579969153405663,44.036163710327195,1526
2025-04-25 10:10:40,0.12096995964992718,-0.08517288450100373,9.761132998497942,31.473748606581538,30.887900246124047,44.86055830292462,1483
2025-04-25 10:10:42,0.12595157025436912,-0.06590652559814421,9.770593855087135,31.515370376591754,30.955787300702422,45.42257898559216,1461
2025-04-25 10:10:44,0.11181779316766527,-0.0570110187638075,9.758590024438819,31.455028803638385,30.891554573230376,44.975551408262945,1449
2025-04-25 10:10:46,0.14092387275685458,-0.08362838560439659,9.769730032876524,31.369999483835308,31.13489848666951,44.29740507659821,1485
2025-04-25 10:10:48,0.10993982618500298,-0.08445502521400772,9.761289488296201,31.533730934393347,30.79888079623419,44.973797774711265,1502
2025-04-25 10:10:50,0.10785811387212267,-0.06546615522882299,9.720490668672923,31.58838812991388,30.933748331118505,45.85205275812775,1489
2025-04-25 10:10:52,0.13158110873500067,-0.06420427854269288,9.741213292123625,31.28192018451143,30.58165982477214,45.62344585776736,1479
2025-04-25 10:10:54,0.12791662693962935,-0.08522860027153269,9.757118248885568,31.782186475949253,30.72258005950512,44.96899799531698,1468
2025-04-25 10:10:56,0.12624119817052154,-0.08420186817095858,9.735806105143178,31.480282373543147,30.939107551513157,45.475724638529044,1458
2025-04-25 10:10:58,0.1262834550926428,-0.08281784608860507,9.771998574599923,31.50376992458897,30.96982042214863,44.816746489815976,1496
2025-04-25 10:11:00,0.11987753227153085,-0.09344450511034277,9.790615016646873,31.64164288465131,30.741206610467163,44.14806420658664,1498
2025-04-25 10:11:02,0.11102745628514168,-0.08918651946484199,9.784375237033947,31.5466432262527,30.785680149628387,44.53776700593522,1449
2025-04-25 10:11:04,0.12075804558193726,-0.09004140766752068,9.755731142581396,31.69062732678265,30.49642525066384,45.7814443842541,1511
2025-04-25 10:11:06,0.11322838288487888,-0.08767797565104128,9.789814522736998,31.557424833040365,30.72859415983868,44.86300345908535,1491
2025-04-25 10:11:08,0.1297511973341775,-0.08034684887386781,9.762973349144042,31.37751252507191,30.978076632703957,44.878308010312495,1507
2025-04-25 10:11:10,0.11852942618497861,-0.07765785267463479,9.753258280577638,31.572300705041222,30.915041003221315,44.85008090186256,1453
2025-04-25 10:11:12,0.11174502803207488,-0.06449499507185924,9.74773194672918,31.271254758535868,30.900133144276243,45.95206829478651,1452
2025-04-25 10:11:14,0.11678614158347006,-0.08998354040738792,9.753950606270237,31.521711941155306,30.809954737436193,45.81297945768103,1477
2025-04-25 10:11:16,0.12412931454275623,-0.07015677601523417,9.752236463629176,31.493354001871108,30.801412631725636,46.109390116724065,1490
2025-04-25 10:11:18,0.11436275447196025,-0.08213988844225509,9.763408324447509,31.45837662854549,30.667935772105313,44.920477394799974,1515
2025-04-25 10:11:20,0.11177779604433569,-0.08049463709652434,9.763211479620997,31.474292497712213,30.93976568404051,45.14781224437355,1494
2025-04-25 10:11:22,0.12243687211491912,-0.07325180507833397,9.760060920403069,31.12363019090047,30.88419458887788,44.2416787252896,1475
2025-04-25 10:11:24,0.12244966571108723,-0.09122722021562299,9.768738763394927,31.390255018451807,30.89840376959856,45.73846721305914,1459
2025-04-25 10:11:26,0.1149305682462887,-0.07617590253815949,9.783812925495727,31.518568980228224,30.694793031466485,44.41611022436603,1504
2025-04-25 10:11:28,0.11528961694381677,-0.07833547791786943,9.778991082708826,31.53197127839948,30.36933141602575,45.10838778188131,1460
2025-04-25 10:11:30,0.12232049937357636,-0.07507548735991851,9.730302040631003,31.294464971814808,31.01943054235074,44.451348736183576,1512
2025-04-25 10:11:32,0.10551915658502675,-0.07710831356092182,9.708921577301961,31.75314156817294,30.70423250879832,44.70556658663065,1474
2025-04-25 10:11:34,0.10592536225623445,-0.055446998600891056,9.778686398224785,31.326765030357098,30.627444847191377,44.58136878447515,1511
2025-04-25 10:11:36,0.11281555778747564,-0.08637739984251316,9.732662426031691,31.693891440105347,30.938695782382798,44.696062369662094,1493
2025-04-25 10:11:38,0.11786552848288152,-0.08530996955001818,9.755504691962146,31.585438872374336,30.721597472016175,44.73043864842551,1477
2025-04-25 10:11:40,0.12310907565598005,-0.08623140526424765,9.736597739478812,31.37075453803124,31.011987276809325,44.72586560253746,1469
2025-04-25 10:11:42,0.13475356216949552,-0.08555477119160254,9.723960391248399,31.8550621785219,30.92340118991534,45.41666695589015,1473
2025-04-25 10:11:44,0.1285765962320202,-0.08637387127306517,9.770829254564095,31.261272633648705,30.936713864640097,44.44756860346874,1488
2025-04-25 10:11:46,0.11840061470036572,-0.06810983468892448,9.775183103206052,31.683830834722,30.526808857759892,45.110270713506935,1481
2025-04-25 10:11:48,0.1198098379209731,-0.06579495752010145,9.748469791985466,31.700116463608595,31.04238879707728,45.60897957615278,1468
2025-04-25 10:11:50,0.1099747063536219,-0.08570746293749476,9.7081791541571,31.36587595818467,30.85225010624677,44.743401817743305,1476
2025-04-25 10:11:52,0.1198148686400761,-0.0883235557310423,9.74907511103495,31.778493060012867,30.72614457215076,44.6410405546262,1481
2025-04-25 10:11:54,0.1171134136107986,-0.07528584443613597,9.76783608010805,31.44999069708021,30.82867769346845,44.884737687409874,1437
2025-04-25 10:11:56,0.12322718560338089,-0.08552223044280971,9.730421768624517,31.557738725855973,30.444752953420338,45.589862604180354,1489
2025-04-25 10:11:58,0.11172769056447676,-0.07367068182244489,9.763667198395583,31.552064367754245,30.881730562296134,45.09705381547668,1460
2025-04-25 10:12:00,0.12519346514241173,-0.07797076979148701,9.759693803016539,31.47313825170589,30.594125698363587,44.7343928526962,1456
2025-04-25 10:12:02,0.13532738913002576,-0.09515744114997232,9.771585829992022,31.662161654631955,30.529465942831294,45.24193832559402,1446
2025-04-25 10:12:04,0.11891239851543142,-0.06452494798669939,9.762391607368283,31.65869774411044,30.495528162756422,44.448853925081785,1444
2025-04-25 10:12:06,0.1240171172209894,-0.06204122326904478,9.740538621182369,31.150293605352363,31.022537674997984,45.34067975522147,1452
2025-04-25 10:12:08,0.12690143991711111,-0.08612788690484387,9.78393143003329,31.76086804857563,30.674147321261444,45.204303653850886,1465
2025-04-25 10:12:10,0.11598779528114163,-0.08387701559935984,9.75682940853946,31.167501602392864,31.1067455419833,44.84609576443056,1519
2025-04-25 10:12:12,0.12224092481810417,-0.07714134609275095,9.759453909209801,31.706509240868332,30.692839707389542,44.58070710077639,1469
2025-04-25 10:12:14,0.12012592400781795,-0.07665543210012975,9.741334640818536,31.725341027365516,30.45852840848141,44.55665953885827,1483
2025-04-25 10:12:16,0.12097676098548832,-0.0734145572732717,9.75113435497617,31.28180671395696,30.57669511201027,45.267408668172955,1488
2025-04-25 10:12:18,0.11226990216144533,-0.059897954612336504,9.742303945719462,31.417837142409084,31.047162324001388,45.61449025124453,1482
2025-04-25 10:12:20,0.12024510174258943,-0.0817694722749405,9.756541078801531,31.278859066302815,30.76882036441267,44.6813461264856,1478
2025-04-25 10:12:22,0.12497998291245449,-0.08798297244538454,9.794234169602847,31.457015793942254,30.69034254070188,45.22919335177574,1456
2025-04-25 10:12:24,0.1345114360779504,-0.09379319228014528,9.732561977141373,31.438393143162852,30.83200364517056,43.956486490698964,1509
2025-04-25 10:12:26,0.12959270826085206,-0.0873093003994192,9.727728772042465,31.655932106453868,30.90035654723351,44.7076911346714,1516
2025-04-25 10:12:28,0.14153182457511557,-0.08033126972873797,9.789423406549872,31.76206174922392,31.023479763180493,44.98447053356455,1446
2025-04-25 10:12:30,0.11232652437111951,-0.06205442136482213,9.755813526456963,31.77913676215799,31.089699845978586,44.54515829150908,1459
2025-04-25 10:12:32,0.12872320636720677,-0.08517611299036172,9.746618545226802,31.387566394684338,30.728046270842185,44.5317468126052,1474
2025-04-25 10:12:34,0.12183342005738351,-0.07776212048361102,9.780798093747922,31.458155625251095,30.534790462783594,44.66611022176556,1460
2025-04-25 10:12:36,0.1418980293321767,-0.08016422896072753,9.747887689205262,31.16331236155581,30.717306967775347,45.146096364163185,1490
2025-04-25 10:12:38,0.11191701714644849,-0.06811606726551916,9.796520194270938,31.338825986700762,30.852056101316577,44.90633549079681,1465
2025-04-25 10:12:40,0.11160278157819223,-0.054730675741263786,9.773558517426785,31.69297032661949,30.607248214757877,43.880884383337516,1523
2025-04-25 10:12:42,0.11400607354555978,-0.0853086877292032,9.750241771837086,31.823116564709647,30.608569817020992,43.93964992368247,1503
2025-04-25 10:12:44,0.09876104275690192,-0.08489439442518222,9.80314616426531,31.253130225624016,30.868757576309978,44.69656741107141,1484
2025-04-25 10:12:46,0.11474244978319238,-0.06955839122930928,9.747885701539934,31.381507148169423,30.79026952968591,45.22884329302678,1500
2025-04-25 10:12:48,0.11240867338446302,-0.07318108510373689,9.774841907440186,31.494718848608215,30.806559399082317,43.62624757863738,1502
2025-04-25 10:12:50,0.12150393786476207,-0.06153292674263967,9.76598585160813,31.556032231763922,30.648300933059986,44.750134911924185,1468
2025-04-25 10:12:52,0.12341755975777159,-0.07416071814674036,9.786034825787976,31.33807929601567,30.75391985715885,44.73687607174129,1463
2025-04-25 10:12:54,0.13876170839215884,-0.0835929209078706,9.791230223934537,31.584812208892817,30.61515337114634,45.694168889104226,1481
2025-04-25 10:12:56,0.1295042383818605,-0.0740934516930769,9.760640082981315,31.405232130585816,30.978039682224956,44.80748909414357,1497
2025-04-25 10:12:58,0.11423096344337597,-0.06891296419417092,9.744931642593077,31.497109545824344,31.00704986694475,45.19149449237047,1482
2025-04-25 10:13:00,0.11101585328651642,-0.07179517818802636,9.769199442858783,31.60925684960074,30.43076242755238,45.07062857004373,1448
2025-04-25 10:13:02,0.12491919171506505,-0.07492725968892702,9.746445692604958,31.50128445396219,30.61409782796152,43.9347167600964,1463
2025-04-25 10:13:04,0.10679766792979357,-0.06933325310410846,9.800267744950533,31.412722821894686,30.500694148981985,45.38410360831587,1478
2025-04-25 10:13:06,0.13831458765854354,-0.06830704409554328,9.762730706621655,31.478078039214832,30.66999521311862,45.10769825272814,1478
2025-04-25 10:13:08,0.13179440120721286,-0.06617841008962473,9.752693568973758,31.482327408158934,30.78331240604193,45.25413431983729,1519
2025-04-25 10:13:10,0.11530824347895295,-0.07351290112410358,9.763693606117299,31.425997794023573,30.510070956060293,46.96311885321816,1452
2025-04-25 10:13:12,0.10286865470909122,-0.08167118080316854,9.733057474209406,31.44824078746658,30.61562803737494,43.9579435302507,1490
2025-04-25 10:13:14,0.13353872374165413,-0.07853286313566678,9.740567719229787,31.819729434100942,30.599208525583702,45.86234832488056,1509
2025-04-25 10:13:16,0.11885460154747382,-0.06793491033491643,9.784008278158888,31.61218388958825,30.84145346587979,44.85627624029982,1525
2025-04-25 10:13:18,0.1323781631197346,-0.08816935670987236,9.746862114420573,31.440903936394168,30.81386886740725,45.143664452201506,1471
2025-04-25 10:13:20,0.10405572341205632,-0.076313266911271,9.739061780346361,31.63939088090215,30.65565248933255,44.97724387734938,1489
2025-04-25 10:13:22,0.11400624977046227,-0.08393338812327361,9.770733055050545,31.4332361020488,30.83536417442788,44.78788183330098,1491
2025-04-25 10:13:24,0.12005243699718182,-0.07971255177065183,9.78371408309326,31.734624927517327,30.690663983082548,44.71508353588062,1483
2025-04-25 10:13:26,0.12046980593764742,-0.06721548137392702,9.774379066213301,31.57392843843962,30.74566897793479,45.16475436778651,1478
2025-04-25 10:13:28,0.11549934528520756,-0.07808900931980096,9.779920953716116,31.478539571199153,31.13469041805971,44.24141315166416,1488
2025-04-25 10:13:30,0.126228499323475,-0.07953563451843851,9.74486409822861,31.589543385162056,31.06809221035807,45.37528958376088,1429
2025-04-25 10:13:32,0.10932379570617405,-0.09359856140979919,9.731563786665163,31.1858247695863,30.540083752614482,44.79190279755737,1493
2025-04-25 10:13:34,0.11857620514978706,-0.0725374643397278,9.79002667303911,31.27464650621804,30.965946483575834,44.43496533047982,1482
2025-04-25 10:13:36,0.12120295631711898,-0.07354515818858925,9.753546403223156,31.261214998720188,30.962279310898317,44.77499357100209,1475
2025-04-25 10:13:38,0.1251443883405875,-0.058367452766945396,9.754983339670899,31.528588618952742,30.570347342249477,45.628574608431286,1520
2025-04-25 10:13:40,0.1271161487808889,-0.08307778234953,9.786563882836981,31.84650299989702,30.963755528750973,44.73233245649189,1466
2025-04-25 10:13:42,0.10875357908162131,-0.07780849672336061,9.771124600188013,31.946260029238527,31.107586383682513,45.17922680910481,1471
2025-04-25 10:13:44,0.10465885829264378,-0.07750616316289245,9.769117755441632,31.62761022028815,30.575491038751117,44.634521862142265,1519
2025-04-25 10:13:46,0.1327767682189851,-0.06422546720236526,9.803300046898022,31.60016889498889,30.61649943579715,45.37896092496181,1463
2025-04-25 10:13:48,0.12332314011979591,-0.08095295532386952,9.747129635392398,31.13978845316945,31.0035322933687,45.3427538693951,1468
2025-04-25 10:13:50,0.11251513463443447,-0.0772097847422966,9.778556802561624,31.391465240053197,30.85429906216513,45.924304416648205,1477
2025-04-25 10:13:52,0.1355115197552252,-0.07392103490283461,9.76114026249794,31.342443249618352,30.910295255047906,44.91221802725039,1496
2025-04-25 10:13:54,0.12115674634292858,-0.07813390876843643,9.765371845577265,31.375830480349777,30.8681178432801,45.33432740237895,1484
2025-04-25 10:13:56,0.13179297184063826,-0.08446433614550529,9.790569368528251,31.46637123628304,30.87813918418563,45.04903376976947,1454
2025-04-25 10:13:58,0.12067518481410108,-0.07805910007101692,9.770156715125792,31.405581884460574,30.534705574337785,45.64793589093151,1469
2025-04-25 10:14:00,0.14060747924881986,-0.06926368250140227,9.770765921580992,31.104140037924843,31.00946354132429,44.640583806195636,1467
2025-04-25 10:14:02,0.13755340842443203,-0.0902651529941106,9.781450146746195,31.649582051223508,31.033917998485556,45.37250265643864,1478
2025-04-25 10:14:04,0.11751035851520926,-0.07867030325853124,9.752700945409142,31.28545139485204,30.754121851186394,44.90265135194166,1488
2025-04-25 10:14:06,0.12971570950954356,-0.08700120814939173,9.74321580665322,31.54784937282223,30.79130461003723,44.967905911445754,1488
2025-04-25 10:14:08,0.12645375949585147,-0.06804953371075158,9.739103816119579,31.914816533949995,30.493778499488855,45.04587624222419,1444
2025-04-25 10:14:10,0.13368631557532348,-0.09523186904783774,9.72067286821248,31.316123081682715,30.90285095120357,45.126120198213336,1501
2025-04-25 10:14:12,0.11035076539419895,-0.08558921847271589,9.801124142598805,30.993942495450735,30.91441148834283,44.94188547843902,1485
2025-04-25 10:14:14,0.12686051459998438,-0.0762278812493548,9.737935832685567,31.442799155623977,30.787561796600137,45.107356591585265,1507
2025-04-25 10:14:16,0.13058424486849587,-0.0643447597076566,9.755574927528285,31.720191926999714,31.024870671974103,45.78905902878109,1488
2025-04-25 10:14:18,0.10241260513576886,-0.08065750261072988,9.754463734002222,31.89166949084412,30.733184553804012,45.49272484280761,1502
2025-04-25 10:14:20,0.10816741487334225,-0.08555199526693198,9.766148133956182,31.254090081109517,30.91292118517872,45.43457729624845,1489
2025-04-25 10:14:22,0.099607678222399,-0.0611884293055941,9.776314744250787,31.599339844647304,30.596067132261577,44.772230236988065,1506
2025-04-25 10:14:24,0.11730593165555442,-0.09448013900416244,9.777209469767195,31.40693790864399,30.795289569825155,44.55537958588584,1490
2025-04-25 10:14:26,0.1271754225579596,-0.10198805956620083,9.748338451228621,31.478810329139172,30.765129148419433,45.477650279118876,1478
2025-04-25 10:14:28,0.13502357052096028,-0.07559985549946668,9.756657565724272,32.02886866940341,30.84506158440819,45.438023396264896,1525
2025-04-25 10:14:30,0.12074094780419775,-0.08502054224352612,9.765651599009766,31.199405934320968,30.72609461423333,45.73633533787549,1497
2025-04-25 10:14:32,0.1362861554557129,-0.09021232817130713,9.75502617747633,31.550747932298915,30.77370548086567,44.698009687015386,1491
2025-04-25 10:14:34,0.10619898541785108,-0.07291643552700647,9.7921469115204,31.593538634353088,30.9652094342883,44.88522567231983,1454
2025-04-25 10:14:36,0.10296617560644844,-0.07756199286228802,9.769819499032765,31.71715726498787,30.712647152552357,44.18025791873728,1454
2025-04-25 10:14:38,0.11944452301103381,-0.08564078630736728,9.774697555720996,31.519596630694178,30.478684579852263,44.803764446969566,1485
2025-04-25 10:14:40,0.12384065448939306,-0.09280304398670894,9.773257625373349,31.56161010790082,31.149916780841085,45.49828525528972,1482
2025-04-25 10:14:42,0.11967305251905906,-0.07127542671719855,9.783469477149707,31.421670286515642,31.076290815738098,44.766752310385904,1467
2025-04-25 10:14:44,0.09932557899960123,-0.0734979882204134,9.763620431174074,31.55382538824902,30.541547460978876,45.32023989760041,1482
2025-04-25 10:14:46,0.11910879960487211,-0.08099175863779383,9.734063361040883,31.43136154490052,30.93794156104904,44.9047484470011,1511
2025-04-25 10:14:48,0.10695530499495146,-0.06153363003952334,9.767993759035052,31.62431437797121,30.699405045889733,45.16202851411078,1493
2025-04-25 10:14:50,0.12669672548830038,-0.09070084766326153,9.746972862124164,31.426077932791273,30.852697443066212,44.42615430509217,1457
2025-04-25 10:14:52,0.12366598246096848,-0.0952552517092474,9.749427666365005,31.575420078780436,30.8588448258027,45.042604724816954,1477
2025-04-25 10:14:54,0.11060120213672645,-0.08691908069881245,9.771727280375101,31.494147437263003,30.753118439936735,43.504432014549636,1463
2025-04-25 10:14:56,0.11486133082663307,-0.08045586016355498,9.784765661428672,31.725210050154434,30.64324686688272,44.90655192091901,1472
2025-04-25 10:14:58,0.10940786478111048,-0.07756660550677308,9.76042543153472,31.4897212552823,30.66189178953675,44.18476337814243,1471
2025-04-25 10:15:00,0.11937320902726828,-0.0824123605785633,9.766176660251979,31.145393506358623,30.61676161690375,45.602997258273405,1470
2025-04-25 10:15:02,0.12955142320501237,-0.07647944603485704,9.794044298892704,31.752384300142797,30.633635558353912,45.388703676382256,1454
2025-04-25 10:15:04,0.11014273953664455,-0.09251539424190444,9.76481506358977,31.318853539827476,30.78656434199013,45.23333549098304,1477
2025-04-25 10:15:06,0.12504046515517844,-0.0655623539592674,9.812033662283607,31.369246732270238,30.65684800217785,45.76050311357969,1468
2025-04-25 10:15:08,0.11469742381627558,-0.08082151178392569,9.771310192912631,31.380867741191302,30.936410413142525,44.52554173958758,1421
2025-04-25 10:15:10,0.11207127167737656,-0.06882704168411873,9.724784744816883,31.774887618634164,31.097449231067188,45.87368159895778,1521
2025-04-25 10:15:12,0.11892969640045442,-0.07657274653622297,9.775066832422091,31.072865157204262,30.68398935172599,45.46609578213019,1501
2025-04-25 10:15:14,0.10964757677580625,-0.07543246780846216,9.767623167697655,32.127549706732,30.847880900107075,44.881722356390526,1472
2025-04-25 10:15:16,0.11446350694652818,-0.07430232719767796,9.785795055081655,31.71121136181321,30.899937022060588,45.567810073591474,1480
2025-04-25 10:15:18,0.10802122107411151,-0.07552291439982685,9.773463627025398,31.54464778282583,30.894400454183856,44.44685324379418,1456
2025-04-25 10:15:20,0.1396472513291639,-0.07357277240132457,9.757230880320325,31.489021199876742,30.815191053583217,44.58774291923616,1513
2025-04-25 10:15:22,0.12035263551971728,-0.06670847469867569,9.735514035274212,31.55711081497153,30.948536483671944,44.69570513838015,1517
2025-04-25 10:15:24,0.11300274492007414,-0.0780347883029853,9.755819534854279,31.604224485675868,30.89644979053613,44.73551114596799,1483
2025-04-25 10:15:26,0.12213979910734221,-0.07290996242411488,9.742989590915814,31.62904311719001,30.55246751553454,44.47172117861987,1500
2025-04-25 10:15:28,0.1188767195030917,-0.08089735694287227,9.748389531003905,31.611120893200688,30.973831212877855,45.611541533547665,1483
2025-04-25 10:15:30,0.11779030400466776,-0.06559882784550528,9.771771568088411,31.51791613625105,30.97745816745335,44.870572799815086,1453
2025-04-25 10:15:32,0.12614166700043425,-0.0867639230205927,9.793398090087027,31.460532315938536,30.647342779164283,45.17625248417844,1471
2025-04-25 10:15:34,0.12757507710047306,-0.061990595670891845,9.767893430596459,31.4697453432693,30.80758756708952,44.71482431679316,1482
2025-04-25 10:15:36,0.11469498852389472,-0.08040157950644343,9.736082338759296,31.461018343929464,30.936665798562213,44.089698349725744,1470
2025-04-25 10:15:38,0.1142418175935532,-0.09430775102118048,9.768892053364402,31.726754019373413,30.758137236084128,45.13502867919571,1475
2025-04-25 10:15:40,0.11724948302848355,-0.07871895585089211,9.783932629732913,31.618711344456173,31.014595609553204,44.043872512290115,1478
2025-04-25 10:15:42,0.09698078835264415,-0.08681051657474881,9.747804341913612,30.911922273067145,31.272774498923873,44.96568297695727,1478
2025-04-25 10:15:44,0.10484808937801447,-0.07159356451011276,9.75731965666654,31.63118015530595,30.642802793473003,44.3158424805836,1481
2025-04-25 10:15:46,0.13366874267444523,-0.08652623979302392,9.760293763894584,31.538947238943756,30.523791079369246,45.9936379996154,1458
2025-04-25 10:15:48,0.13644967713501283,-0.0844618343321478,9.744302033738355,31.49625824871082,30.860763719120975,45.45568136108736,1465
2025-04-25 10:15:50,0.11750963960443621,-0.09889540730945531,9.772965608676877,31.422296309382222,30.94431250102523,45.05287689563574,1454
2025-04-25 10:15:52,0.12576556963055766,-0.08452306319249077,9.757581037027844,31.724822543997202,30.753826725231047,45.631853338827334,1499
2025-04-25 10:15:54,0.12311250154543536,-0.10423879326628957,9.76839064887814,31.68950529242457,31.090652132664207,44.57684201126713,1437
2025-04-25 10:15:56,0.15078880808455236,-0.09583902823485724,9.742250156443959,31.34542446643528,30.53227884005535,45.27173968933505,1503
2025-04-25 10:15:58,0.13119574911434576,-0.07239585343855703,9.75125083399353,31.58141045742491,30.938583724606325,45.099905216859355,1507
2025-04-25 10:16:00,0.11872082408519233,-0.07214199841349168,9.774447627156555,31.305668653091743,30.67882783584822,45.132010040666835,1473
2025-04-25 10:16:02,0.11044459559399573,-0.07574542438215036,9.752543336958164,31.224076367042215,31.14387558124146,45.63617675005339,1427
2025-04-25 10:16:04,0.10393553679742427,-0.08966976143129213,9.794539277024668,31.37465655508201,31.198503070633624,45.3662460513899,1472
2025-04-25 10:16:06,0.12203463635867223,-0.0804771135614198,9.752007276287708,31.672478694476553,30.64666868244333,45.14436183141251,1478
2025-04-25 10:16:08,0.11243649254715696,-0.08003602539090568,9.764493694515037,31.690625009075216,30.690088572818286,44.17255628188585,1459
2025-04-25 10:16:10,0.10577746290402325,-0.09158364689192543,9.778651816637462,31.60261708401946,30.97191757739596,44.519976852360266,1469
2025-04-25 10:16:12,0.11353427115757472,-0.0649660169823285,9.731632685341339,31.6450191573696,30.722573870042098,44.93864553320214,1510
2025-04-25 10:16:14,0.10918451996385604,-0.07122637709424329,9.724783823760385,31.603235657422992,30.790917756413553,45.04668618713833,1493
2025-04-25 10:16:16,0.13687141635072564,-0.08220964173829665,9.729486873708598,31.37170368095541,30.805077684108483,44.43489813766304,1461
2025-04-25 10:16:18,0.1288163975694945,-0.07973114161005469,9.785251682068543,31.58638450893479,30.41606536876047,46.20583833778921,1448
2025-04-25 10:16:20,0.11992027358683383,-0.07791617192052448,9.748962837082152,31.660081905045537,30.797232450781152,45.758197027626785,1473
2025-04-25 10:16:22,0.13479944138890027,-0.1004173486842429,9.811163985713366,31.650858265962714,30.662054445187167,45.30105916019624,1475
2025-04-25 10:16:24,0.12077368307647618,-0.08247177382520597,9.748715048026853,31.73778267429493,30.701375435520045,45.036018430641874,1489
2025-04-25 10:16:26,0.11138715798671736,-0.08681984247997798,9.76369102606394,31.64166076944021,31.088726400693762,44.89389551504942,1469
2025-04-25 10:16:28,0.13523124077269658,-0.09001620009894916,9.790842199051358,31.570289641508317,30.54869862114415,44.52404076998888,1490
2025-04-25 10:16:30,0.1253891004368466,-0.08281100292885955,9.800121857763182,31.714030047663286,30.962641037349595,45.038740259259434,1518
2025-04-25 10:16:32,0.10962753845673542,-0.062023134731504774,9.801230071532729,31.49469574815019,30.74420741393364,45.12887627007137,1496
2025-04-25 10:16:34,0.11809661321916391,-0.0735915713873299,9.784167324611863,31.323625069754456,30.744047966300833,44.37911971225919,1479
2025-04-25 10:16:36,0.11124381746615242,-0.08571178989782798,9.780481250516228,31.467386607211246,30.958074379210345,45.167088208622445,1476
2025-04-25 10:16:38,0.10617200269035663,-0.07427417218643842,9.771850538984024,31.35101947103871,30.868010258913777,44.92237047558763,1472
